{"cameraMode":{"drawMode":0,"name":"Shaded","section":"Shading Mode"},"sceneLighting":true,"audioPlay":false,"sceneViewState":{"m_AlwaysRefresh":false,"showFog":true,"showSkybox":true,"showFlares":true,"showImageEffects":true,"showParticleSystems":true,"showVisualEffectGraphs":true,"m_FxEnabled":true},"in2DMode":false,"pivot":{"x":21.758153915405275,"y":1.2124607563018799,"z":1.0916364192962647},"rotation":{"x":0.027907133102416993,"y":0.7035915851593018,"z":-0.02767138183116913,"w":0.7095504403114319},"size":1.3188050985336304,"orthographic":false}