{"cameraMode":{"drawMode":0,"name":"Shaded","section":"Shading Mode"},"sceneLighting":true,"audioPlay":false,"sceneViewState":{"m_AlwaysRefresh":false,"showFog":true,"showSkybox":true,"showFlares":true,"showImageEffects":true,"showParticleSystems":true,"showVisualEffectGraphs":true,"m_FxEnabled":true},"in2DMode":false,"pivot":{"x":16.479196548461915,"y":-0.8186690807342529,"z":1.6041046380996705},"rotation":{"x":0.11650312691926956,"y":-0.6816598176956177,"z":0.11072814464569092,"w":0.7139066457748413},"size":4.186334609985352,"orthographic":false}