{"cameraMode":{"drawMode":0,"name":"Shaded","section":"Shading Mode"},"sceneLighting":true,"audioPlay":false,"sceneViewState":{"m_AlwaysRefresh":false,"showFog":true,"showSkybox":true,"showFlares":true,"showImageEffects":true,"showParticleSystems":true,"showVisualEffectGraphs":true,"m_FxEnabled":true},"in2DMode":false,"pivot":{"x":28.252655029296876,"y":1.0090631246566773,"z":-5.135430812835693},"rotation":{"x":0.02037084847688675,"y":0.9246921539306641,"z":-0.049981869757175449,"w":0.3768708407878876},"size":5.854718208312988,"orthographic":false}