{"cameraMode":{"drawMode":0,"name":"Shaded","section":"Shading Mode"},"sceneLighting":false,"audioPlay":false,"sceneViewState":{"m_AlwaysRefresh":false,"showFog":true,"showSkybox":true,"showFlares":true,"showImageEffects":true,"showParticleSystems":true,"showVisualEffectGraphs":true,"m_FxEnabled":true},"in2DMode":false,"pivot":{"x":19.334251403808595,"y":-0.08315658569335938,"z":25.725400924682618},"rotation":{"x":-0.04788670316338539,"y":0.06318816542625427,"z":-0.0030264134984463455,"w":-0.9968622922897339},"size":12.050185203552246,"orthographic":false}
